domain,space,wind,Rm,level,cells,h,Rm_h,dof,k,re,im,status
lshape,N1curl,grad,0.01,0,192,0.25,0.0025,417.0,0,1.4438535723808394,0.0,ok
lshape,N1curl,grad,0.01,0,192,0.25,0.0025,417.0,1,3.5349442985745547,0.0,ok
lshape,N1curl,grad,0.01,0,192,0.25,0.0025,417.0,2,9.905813917083341,0.0,ok
lshape,N1curl,grad,0.01,0,192,0.25,0.0025,417.0,3,9.91559442481511,0.0,ok
lshape,N1curl,grad,0.01,0,192,0.25,0.0025,417.0,4,11.368683296314888,0.0,ok
lshape,N1curl,grad,0.01,0,192,0.25,0.0025,417.0,5,12.408818712499736,0.0,ok
lshape,N1curl,grad,0.01,0,192,0.25,0.0025,417.0,6,19.398478304552402,0.0,ok
lshape,N1curl,grad,0.01,0,192,0.25,0.0025,417.0,7,21.242857992820145,0.0,ok
lshape,N1curl,grad,0.01,1,768,0.125,0.00125,1601.0,0,1.4626373803142252,0.0,ok
lshape,N1curl,grad,0.01,1,768,0.125,0.00125,1601.0,1,3.5340825152691364,0.0,ok
lshape,N1curl,grad,0.01,1,768,0.125,0.00125,1601.0,2,9.875146183648429,0.0,ok
lshape,N1curl,grad,0.01,1,768,0.125,0.00125,1601.0,3,9.885092199868808,0.0,ok
lshape,N1curl,grad,0.01,1,768,0.125,0.00125,1601.0,4,11.384239370069642,0.0,ok
lshape,N1curl,grad,0.01,1,768,0.125,0.00125,1601.0,5,12.515581891936144,0.0,ok
lshape,N1curl,grad,0.01,1,768,0.125,0.00125,1601.0,6,19.654599376914646,0.0,ok
lshape,N1curl,grad,0.01,1,768,0.125,0.00125,1601.0,7,21.34888821049508,0.0,ok
lshape,N1curl,grad,0.01,2,3072,0.0625,0.000625,6273.0,0,1.4703742303629503,0.0,ok
lshape,N1curl,grad,0.01,2,3072,0.0625,0.000625,6273.0,1,3.5340242547914125,0.0,ok
lshape,N1curl,grad,0.01,2,3072,0.0625,0.000625,6273.0,2,9.867257118549523,0.0,ok
lshape,N1curl,grad,0.01,2,3072,0.0625,0.000625,6273.0,3,9.877243694705514,0.0,ok
lshape,N1curl,grad,0.01,2,3072,0.0625,0.000625,6273.0,4,11.388142350802134,0.0,ok
lshape,N1curl,grad,0.01,2,3072,0.0625,0.000625,6273.0,5,12.551799466471293,0.0,ok
lshape,N1curl,grad,0.01,2,3072,0.0625,0.000625,6273.0,6,19.718083267060365,0.0,ok
lshape,N1curl,grad,0.01,2,3072,0.0625,0.000625,6273.0,7,21.391374111287075,0.0,ok
lshape,N1curl,grad,0.01,3,12288,0.03125,0.0003125,24833.0,0,1.4735124305902279,0.0,ok
lshape,N1curl,grad,0.01,3,12288,0.03125,0.0003125,24833.0,1,3.5340355715139173,0.0,ok
lshape,N1curl,grad,0.01,3,12288,0.03125,0.0003125,24833.0,2,9.865273528083545,0.0,ok
lshape,N1curl,grad,0.01,3,12288,0.03125,0.0003125,24833.0,3,9.875270177337038,0.0,ok
lshape,N1curl,grad,0.01,3,12288,0.03125,0.0003125,24833.0,4,11.38914586927307,0.0,ok
lshape,N1curl,grad,0.01,3,12288,0.03125,0.0003125,24833.0,5,12.564698962403916,0.0,ok
lshape,N1curl,grad,0.01,3,12288,0.03125,0.0003125,24833.0,6,19.73393819957334,0.0,ok
lshape,N1curl,grad,0.01,3,12288,0.03125,0.0003125,24833.0,7,21.410466228220518,0.0,ok
lshape,N1curl,grad,0.1,0,192,0.25,0.025,417.0,0,1.4430720931718128,0.0,ok
lshape,N1curl,grad,0.1,0,192,0.25,0.025,417.0,1,3.536320956328532,0.0,ok
lshape,N1curl,grad,0.1,0,192,0.25,0.025,417.0,2,9.862432320916396,0.0,ok
lshape,N1curl,grad,0.1,0,192,0.25,0.025,417.0,3,9.960236796017341,0.0,ok
lshape,N1curl,grad,0.1,0,192,0.25,0.025,417.0,4,11.369518309950536,0.0,ok
lshape,N1curl,grad,0.1,0,192,0.25,0.025,417.0,5,12.409667546347682,0.0,ok
lshape,N1curl,grad,0.1,0,192,0.25,0.025,417.0,6,19.399754413579554,0.0,ok
lshape,N1curl,grad,0.1,0,192,0.25,0.025,417.0,7,21.24291944880832,0.0,ok
lshape,N1curl,grad,0.1,1,768,0.125,0.0125,1601.0,0,1.4618386787549111,0.0,ok
lshape,N1curl,grad,0.1,1,768,0.125,0.0125,1601.0,1,3.5355003124186943,0.0,ok
lshape,N1curl,grad,0.1,1,768,0.125,0.0125,1601.0,2,9.831071362610338,0.0,ok
lshape,N1curl,grad,0.1,1,768,0.125,0.0125,1601.0,3,9.930531377979728,0.0,ok
lshape,N1curl,grad,0.1,1,768,0.125,0.0125,1601.0,4,11.385164828577162,0.0,ok
lshape,N1curl,grad,0.1,1,768,0.125,0.0125,1601.0,5,12.516491584639033,0.0,ok
lshape,N1curl,grad,0.1,1,768,0.125,0.0125,1601.0,6,19.65596735378329,0.0,ok
lshape,N1curl,grad,0.1,1,768,0.125,0.0125,1601.0,7,21.348928480619175,0.0,ok
lshape,N1curl,grad,0.1,2,3072,0.0625,0.00625,6273.0,0,1.469568882240709,0.0,ok
lshape,N1curl,grad,0.1,2,3072,0.0625,0.00625,6273.0,1,3.535454300916623,0.0,ok
lshape,N1curl,grad,0.1,2,3072,0.0625,0.00625,6273.0,2,9.823012788307922,0.0,ok
lshape,N1curl,grad,0.1,2,3072,0.0625,0.00625,6273.0,3,9.92287851341662,0.0,ok
lshape,N1curl,grad,0.1,2,3072,0.0625,0.00625,6273.0,4,11.389094114299484,0.0,ok
lshape,N1curl,grad,0.1,2,3072,0.0625,0.00625,6273.0,5,12.552724058873,0.0,ok
lshape,N1curl,grad,0.1,2,3072,0.0625,0.00625,6273.0,6,19.719474665847493,0.0,ok
lshape,N1curl,grad,0.1,2,3072,0.0625,0.00625,6273.0,7,21.391401038487952,0.0,ok
lshape,N1curl,grad,0.1,3,12288,0.03125,0.003125,24833.0,0,1.4727044792567252,0.0,ok
lshape,N1curl,grad,0.1,3,12288,0.03125,0.003125,24833.0,1,3.535469445169059,0.0,ok
lshape,N1curl,grad,0.1,3,12288,0.03125,0.003125,24833.0,2,9.820987127741867,0.0,ok
lshape,N1curl,grad,0.1,3,12288,0.03125,0.003125,24833.0,3,9.920953611182904,0.0,ok
lshape,N1curl,grad,0.1,3,12288,0.03125,0.003125,24833.0,4,11.390105679725382,0.0,ok
lshape,N1curl,grad,0.1,3,12288,0.03125,0.003125,24833.0,5,12.565627065653448,0.0,ok
lshape,N1curl,grad,0.1,3,12288,0.03125,0.003125,24833.0,6,19.73533546184062,0.0,ok
lshape,N1curl,grad,0.1,3,12288,0.03125,0.003125,24833.0,7,21.410486262456104,0.0,ok
lshape,N1curl,grad,1.0,0,192,0.25,0.25,417.0,0,1.3699441156744299,0.0,ok
lshape,N1curl,grad,1.0,0,192,0.25,0.25,417.0,1,3.668884339825338,0.0,ok
lshape,N1curl,grad,1.0,0,192,0.25,0.25,417.0,2,9.485604708777293,0.0,ok
lshape,N1curl,grad,1.0,0,192,0.25,0.25,417.0,3,10.463053363136918,0.0,ok
lshape,N1curl,grad,1.0,0,192,0.25,0.25,417.0,4,11.45275641137102,0.0,ok
lshape,N1curl,grad,1.0,0,192,0.25,0.25,417.0,5,12.494584349827926,0.0,ok
lshape,N1curl,grad,1.0,0,192,0.25,0.25,417.0,6,19.52734846031577,0.0,ok
lshape,N1curl,grad,1.0,0,192,0.25,0.25,417.0,7,21.25154790229045,0.0,ok
lshape,N1curl,grad,1.0,1,768,0.125,0.125,1601.0,0,1.3872797366153375,0.0,ok
lshape,N1curl,grad,1.0,1,768,0.125,0.125,1601.0,1,3.671862159174224,0.0,ok
lshape,N1curl,grad,1.0,1,768,0.125,0.125,1601.0,2,9.451730260793026,0.0,ok
lshape,N1curl,grad,1.0,1,768,0.125,0.125,1601.0,3,10.446185349575337,0.0,ok
lshape,N1curl,grad,1.0,1,768,0.125,0.125,1601.0,4,11.477382416171672,0.0,ok
lshape,N1curl,grad,1.0,1,768,0.125,0.125,1601.0,5,12.607460460059691,0.0,ok
lshape,N1curl,grad,1.0,1,768,0.125,0.125,1601.0,6,19.79266045280232,0.0,ok
lshape,N1curl,grad,1.0,1,768,0.125,0.125,1601.0,7,21.356315921561155,0.0,ok
lshape,N1curl,grad,1.0,2,3072,0.0625,0.0625,6273.0,0,1.3944475838275232,0.0,ok
lshape,N1curl,grad,1.0,2,3072,0.0625,0.0625,6273.0,1,3.672932515814579,0.0,ok
lshape,N1curl,grad,1.0,2,3072,0.0625,0.0625,6273.0,2,9.443092440573423,0.0,ok
lshape,N1curl,grad,1.0,2,3072,0.0625,0.0625,6273.0,3,10.441713698259685,0.0,ok
lshape,N1curl,grad,1.0,2,3072,0.0625,0.0625,6273.0,4,11.483929756648868,0.0,ok
lshape,N1curl,grad,1.0,2,3072,0.0625,0.0625,6273.0,5,12.645166508250302,0.0,ok
lshape,N1curl,grad,1.0,2,3072,0.0625,0.0625,6273.0,6,19.858485114843283,0.0,ok
lshape,N1curl,grad,1.0,2,3072,0.0625,0.0625,6273.0,7,21.39780433783651,0.0,ok
lshape,N1curl,grad,1.0,3,12288,0.03125,0.03125,24833.0,0,1.3973599081050283,0.0,ok
lshape,N1curl,grad,1.0,3,12288,0.03125,0.03125,24833.0,1,3.673291918631966,0.0,ok
lshape,N1curl,grad,1.0,3,12288,0.03125,0.03125,24833.0,2,9.440925629869065,0.0,ok
lshape,N1curl,grad,1.0,3,12288,0.03125,0.03125,24833.0,3,10.44058148370848,0.0,ok
lshape,N1curl,grad,1.0,3,12288,0.03125,0.03125,24833.0,4,11.48574450225343,0.0,ok
lshape,N1curl,grad,1.0,3,12288,0.03125,0.03125,24833.0,5,12.658414641733469,0.0,ok
lshape,N1curl,grad,1.0,3,12288,0.03125,0.03125,24833.0,6,19.874925858918516,0.0,ok
lshape,N1curl,grad,1.0,3,12288,0.03125,0.03125,24833.0,7,21.416331531484637,0.0,ok
lshape,N1curl,grad,2.0,0,192,0.25,0.5,417.0,0,1.1923067962544591,0.0,ok
lshape,N1curl,grad,2.0,0,192,0.25,0.5,417.0,1,4.025632255549315,0.0,ok
lshape,N1curl,grad,2.0,0,192,0.25,0.5,417.0,2,9.188981357505078,0.0,ok
lshape,N1curl,grad,2.0,0,192,0.25,0.5,417.0,3,11.140412960195741,0.0,ok
lshape,N1curl,grad,2.0,0,192,0.25,0.5,417.0,4,11.701842828752936,0.0,ok
lshape,N1curl,grad,2.0,0,192,0.25,0.5,417.0,5,12.752300639617719,0.0,ok
lshape,N1curl,grad,2.0,0,192,0.25,0.5,417.0,6,19.913764385546816,0.0,ok
lshape,N1curl,grad,2.0,0,192,0.25,0.5,417.0,7,21.302095471818866,0.0,ok
lshape,N1curl,grad,2.0,1,768,0.125,0.25,1601.0,0,1.207407985917901,0.0,ok
lshape,N1curl,grad,2.0,1,768,0.125,0.25,1601.0,1,4.037727177283181,0.0,ok
lshape,N1curl,grad,2.0,1,768,0.125,0.25,1601.0,2,9.160717131697435,0.0,ok
lshape,N1curl,grad,2.0,1,768,0.125,0.25,1601.0,3,11.148790216631134,0.0,ok
lshape,N1curl,grad,2.0,1,768,0.125,0.25,1601.0,4,11.752890701254726,0.0,ok
lshape,N1curl,grad,2.0,1,768,0.125,0.25,1601.0,5,12.883131221429245,0.0,ok
lshape,N1curl,grad,2.0,1,768,0.125,0.25,1601.0,6,20.205610974690952,0.0,ok
lshape,N1curl,grad,2.0,1,768,0.125,0.25,1601.0,7,21.410104525507226,0.0,ok
lshape,N1curl,grad,2.0,2,3072,0.0625,0.125,6273.0,0,1.2136054683127906,0.0,ok
lshape,N1curl,grad,2.0,2,3072,0.0625,0.125,6273.0,1,4.041371959740138,0.0,ok
lshape,N1curl,grad,2.0,2,3072,0.0625,0.125,6273.0,2,9.15355468453242,0.0,ok
lshape,N1curl,grad,2.0,2,3072,0.0625,0.125,6273.0,3,11.150589915000063,0.0,ok
lshape,N1curl,grad,2.0,2,3072,0.0625,0.125,6273.0,4,11.76721910116198,0.0,ok
lshape,N1curl,grad,2.0,2,3072,0.0625,0.125,6273.0,5,12.925113936865683,0.0,ok
lshape,N1curl,grad,2.0,2,3072,0.0625,0.125,6273.0,6,20.278165075162438,0.0,ok
lshape,N1curl,grad,2.0,2,3072,0.0625,0.125,6273.0,7,21.45126780111604,0.0,ok
lshape,N1curl,grad,2.0,3,12288,0.03125,0.0625,24833.0,0,1.2161069997399299,0.0,ok
lshape,N1curl,grad,2.0,3,12288,0.03125,0.0625,24833.0,1,4.042491423740416,0.0,ok
lshape,N1curl,grad,2.0,3,12288,0.03125,0.0625,24833.0,2,9.151761689818148,0.0,ok
lshape,N1curl,grad,2.0,3,12288,0.03125,0.0625,24833.0,3,11.151021705039227,0.0,ok
lshape,N1curl,grad,2.0,3,12288,0.03125,0.0625,24833.0,4,11.771448155132632,0.0,ok
lshape,N1curl,grad,2.0,3,12288,0.03125,0.0625,24833.0,5,12.939339102233982,0.0,ok
lshape,N1curl,grad,2.0,3,12288,0.03125,0.0625,24833.0,6,20.29628788412396,0.0,ok
lshape,N1curl,grad,2.0,3,12288,0.03125,0.0625,24833.0,7,21.46908423003551,0.0,ok
lshape,N1curl,grad,4.0,0,192,0.25,1.0,417.0,0,0.7758354328954824,0.0,ok
lshape,N1curl,grad,4.0,0,192,0.25,1.0,417.0,1,5.143590889563389,0.0,ok
lshape,N1curl,grad,4.0,0,192,0.25,1.0,417.0,2,8.97916409239479,0.0,ok
lshape,N1curl,grad,4.0,0,192,0.25,1.0,417.0,3,12.653472324313812,0.0,ok
lshape,N1curl,grad,4.0,0,192,0.25,1.0,417.0,4,12.85856745174626,0.0,ok
lshape,N1curl,grad,4.0,0,192,0.25,1.0,417.0,5,13.787758286165607,0.0,ok
lshape,N1curl,grad,4.0,0,192,0.25,1.0,417.0,6,21.454374168109585,0.0,ok
lshape,N1curl,grad,4.0,0,192,0.25,1.0,417.0,7,21.712366808778064,0.0,ok
lshape,N1curl,grad,4.0,1,768,0.125,0.5,1601.0,0,0.7905814253842798,0.0,ok
lshape,N1curl,grad,4.0,1,768,0.125,0.5,1601.0,1,5.179305544972672,0.0,ok
lshape,N1curl,grad,4.0,1,768,0.125,0.5,1601.0,2,8.981723427809275,0.0,ok
lshape,N1curl,grad,4.0,1,768,0.125,0.5,1601.0,3,12.798429892665665,0.0,ok
lshape,N1curl,grad,4.0,1,768,0.125,0.5,1601.0,4,12.952350868033404,0.0,ok
lshape,N1curl,grad,4.0,1,768,0.125,0.5,1601.0,5,13.985702830853157,0.0,ok
lshape,N1curl,grad,4.0,1,768,0.125,0.5,1601.0,6,21.83798758290891,0.0,ok
lshape,N1curl,grad,4.0,1,768,0.125,0.5,1601.0,7,21.866392486318304,0.0,ok
lshape,N1curl,grad,4.0,2,3072,0.0625,0.25,6273.0,0,0.7959273323490413,0.0,ok
lshape,N1curl,grad,4.0,2,3072,0.0625,0.25,6273.0,1,5.189141143846235,0.0,ok
lshape,N1curl,grad,4.0,2,3072,0.0625,0.25,6273.0,2,8.982387494062806,0.0,ok
lshape,N1curl,grad,4.0,2,3072,0.0625,0.25,6273.0,3,12.841448137028083,0.0,ok
lshape,N1curl,grad,4.0,2,3072,0.0625,0.25,6273.0,4,12.975100745632982,0.0,ok
lshape,N1curl,grad,4.0,2,3072,0.0625,0.25,6273.0,5,14.042514138601833,0.0,ok
lshape,N1curl,grad,4.0,2,3072,0.0625,0.25,6273.0,6,21.917701042291636,0.0,ok
lshape,N1curl,grad,4.0,2,3072,0.0625,0.25,6273.0,7,21.93346657980757,0.0,ok
lshape,N1curl,grad,4.0,3,12288,0.03125,0.125,24833.0,0,0.7979058006156132,0.0,ok
lshape,N1curl,grad,4.0,3,12288,0.03125,0.125,24833.0,1,5.191931033786323,0.0,ok
lshape,N1curl,grad,4.0,3,12288,0.03125,0.125,24833.0,2,8.982558628435665,0.0,ok
lshape,N1curl,grad,4.0,3,12288,0.03125,0.125,24833.0,3,12.854935237633995,0.0,ok
lshape,N1curl,grad,4.0,3,12288,0.03125,0.125,24833.0,4,12.980740792598297,0.0,ok
lshape,N1curl,grad,4.0,3,12288,0.03125,0.125,24833.0,5,14.059826508610838,0.0,ok
lshape,N1curl,grad,4.0,3,12288,0.03125,0.125,24833.0,6,21.936839783366295,0.0,ok
lshape,N1curl,grad,4.0,3,12288,0.03125,0.125,24833.0,7,21.957294719550557,0.0,ok
lshape,N1curl,beltrami,0.01,0,192,0.25,0.0025,417.0,0,1.4438415650059577,0.0,ok
lshape,N1curl,beltrami,0.01,0,192,0.25,0.0025,417.0,1,3.5349490848169953,0.0,ok
lshape,N1curl,beltrami,0.01,0,192,0.25,0.0025,417.0,2,9.910706786779794,-0.01798423498310071,ok
lshape,N1curl,beltrami,0.01,0,192,0.25,0.0025,417.0,3,9.910706786779794,0.01798423498310071,ok
lshape,N1curl,beltrami,0.01,0,192,0.25,0.0025,417.0,4,11.368827139992298,0.0,ok
lshape,N1curl,beltrami,0.01,0,192,0.25,0.0025,417.0,5,12.408739698083822,0.0,ok
lshape,N1curl,beltrami,0.01,0,192,0.25,0.0025,417.0,6,19.398573129360216,0.0,ok
lshape,N1curl,beltrami,0.01,0,192,0.25,0.0025,417.0,7,21.24292113188321,0.0,ok
lshape,N1curl,beltrami,0.01,1,768,0.125,0.00125,1601.0,0,1.4626249570137013,0.0,ok
lshape,N1curl,beltrami,0.01,1,768,0.125,0.00125,1601.0,1,3.5340873700299946,0.0,ok
lshape,N1curl,beltrami,0.01,1,768,0.125,0.00125,1601.0,2,9.880122234546501,-0.018282970086804996,ok
lshape,N1curl,beltrami,0.01,1,768,0.125,0.00125,1601.0,3,9.880122234546501,0.018282970086804996,ok
lshape,N1curl,beltrami,0.01,1,768,0.125,0.00125,1601.0,4,11.384380314014363,0.0,ok
lshape,N1curl,beltrami,0.01,1,768,0.125,0.00125,1601.0,5,12.51551062531991,0.0,ok
lshape,N1curl,beltrami,0.01,1,768,0.125,0.00125,1601.0,6,19.654702999247977,0.0,ok
lshape,N1curl,beltrami,0.01,1,768,0.125,0.00125,1601.0,7,21.348964714458024,0.0,ok
lshape,N1curl,beltrami,0.01,2,3072,0.0625,0.000625,6273.0,0,1.4703616646931552,0.0,ok
lshape,N1curl,beltrami,0.01,2,3072,0.0625,0.000625,6273.0,1,3.534029137279565,0.0,ok
lshape,N1curl,beltrami,0.01,2,3072,0.0625,0.000625,6273.0,2,9.872253554431527,-0.018357279646476606,ok
lshape,N1curl,beltrami,0.01,2,3072,0.0625,0.000625,6273.0,3,9.872253554431527,0.018357279646476606,ok
lshape,N1curl,beltrami,0.01,2,3072,0.0625,0.000625,6273.0,4,11.38828137647361,0.0,ok
lshape,N1curl,beltrami,0.01,2,3072,0.0625,0.000625,6273.0,5,12.551731619055323,0.0,ok
lshape,N1curl,beltrami,0.01,2,3072,0.0625,0.000625,6273.0,6,19.718189234670838,0.0,ok
lshape,N1curl,beltrami,0.01,2,3072,0.0625,0.000625,6273.0,7,21.391454730096402,0.0,ok
lshape,N1curl,beltrami,0.01,3,12288,0.03125,0.0003125,24833.0,0,1.4734998144337281,0.0,ok
lshape,N1curl,beltrami,0.01,3,12288,0.03125,0.0003125,24833.0,1,3.534040465201305,0.0,ok
lshape,N1curl,beltrami,0.01,3,12288,0.03125,0.0003125,24833.0,2,9.870275026686244,-0.018375821565612304,ok
lshape,N1curl,beltrami,0.01,3,12288,0.03125,0.0003125,24833.0,3,9.870275026686244,0.018375821565612304,ok
lshape,N1curl,beltrami,0.01,3,12288,0.03125,0.0003125,24833.0,4,11.389283910632518,0.0,ok
lshape,N1curl,beltrami,0.01,3,12288,0.03125,0.0003125,24833.0,5,12.564632576071018,0.0,ok
lshape,N1curl,beltrami,0.01,3,12288,0.03125,0.0003125,24833.0,6,19.73404476225796,0.0,ok
lshape,N1curl,beltrami,0.01,3,12288,0.03125,0.0003125,24833.0,7,21.410548108951073,0.0,ok
lshape,N1curl,beltrami,0.1,0,192,0.25,0.025,417.0,0,1.4418744700723676,0.0,ok
lshape,N1curl,beltrami,0.1,0,192,0.25,0.025,417.0,1,3.5367957573363205,0.0,ok
lshape,N1curl,beltrami,0.1,0,192,0.25,0.025,417.0,2,9.911597131323878,-0.17981262417639693,ok
lshape,N1curl,beltrami,0.1,0,192,0.25,0.025,417.0,3,9.911597131323878,0.17981262417639693,ok
lshape,N1curl,beltrami,0.1,0,192,0.25,0.025,417.0,4,11.384034371248122,0.0,ok
lshape,N1curl,beltrami,0.1,0,192,0.25,0.025,417.0,5,12.40163238426689,0.0,ok
lshape,N1curl,beltrami,0.1,0,192,0.25,0.025,417.0,6,19.409236685423753,0.0,ok
lshape,N1curl,beltrami,0.1,0,192,0.25,0.025,417.0,7,21.24927320213246,0.0,ok
lshape,N1curl,beltrami,0.1,1,768,0.125,0.0125,1601.0,0,1.4605996885939994,0.0,ok
lshape,N1curl,beltrami,0.1,1,768,0.125,0.0125,1601.0,1,3.535981704297802,0.0,ok
lshape,N1curl,beltrami,0.1,1,768,0.125,0.0125,1601.0,2,9.881106607304737,-0.18280183768899427,ok
lshape,N1curl,beltrami,0.1,1,768,0.125,0.0125,1601.0,3,9.881106607304737,0.18280183768899427,ok
lshape,N1curl,beltrami,0.1,1,768,0.125,0.0125,1601.0,4,11.399371748485898,0.0,ok
lshape,N1curl,beltrami,0.1,1,768,0.125,0.0125,1601.0,5,12.509250105854527,0.0,ok
lshape,N1curl,beltrami,0.1,1,768,0.125,0.0125,1601.0,6,19.666330054432365,0.0,ok
lshape,N1curl,beltrami,0.1,1,768,0.125,0.0125,1601.0,7,21.35663650944496,0.0,ok
lshape,N1curl,beltrami,0.1,2,3072,0.0625,0.00625,6273.0,0,1.468315728674761,0.0,ok
lshape,N1curl,beltrami,0.1,2,3072,0.0625,0.00625,6273.0,1,3.5359383857614413,0.0,ok
lshape,N1curl,beltrami,0.1,2,3072,0.0625,0.00625,6273.0,2,9.873261383089948,-0.1835453303171934,ok
lshape,N1curl,beltrami,0.1,2,3072,0.0625,0.00625,6273.0,3,9.873261383089948,0.1835453303171934,ok
lshape,N1curl,beltrami,0.1,2,3072,0.0625,0.00625,6273.0,4,11.403101630907447,0.0,ok
lshape,N1curl,beltrami,0.1,2,3072,0.0625,0.00625,6273.0,5,12.545832023690362,0.0,ok
lshape,N1curl,beltrami,0.1,2,3072,0.0625,0.00625,6273.0,6,19.730072085722306,0.0,ok
lshape,N1curl,beltrami,0.1,2,3072,0.0625,0.00625,6273.0,7,21.39952729023542,0.0,ok
lshape,N1curl,beltrami,0.1,3,12288,0.03125,0.003125,24833.0,0,1.4714463017482635,0.0,ok
lshape,N1curl,beltrami,0.1,3,12288,0.03125,0.003125,24833.0,1,3.5359546245550204,0.0,ok
lshape,N1curl,beltrami,0.1,3,12288,0.03125,0.003125,24833.0,2,9.871288717358052,-0.18373084460010372,ok
lshape,N1curl,beltrami,0.1,3,12288,0.03125,0.003125,24833.0,3,9.871288717358052,0.18373084460010372,ok
lshape,N1curl,beltrami,0.1,3,12288,0.03125,0.003125,24833.0,4,11.404011620584935,0.0,ok
lshape,N1curl,beltrami,0.1,3,12288,0.03125,0.003125,24833.0,5,12.55888427952439,0.0,ok
lshape,N1curl,beltrami,0.1,3,12288,0.03125,0.003125,24833.0,6,19.74599243855278,0.0,ok
lshape,N1curl,beltrami,0.1,3,12288,0.03125,0.003125,24833.0,7,21.418741022970597,0.0,ok
lshape,N1curl,beltrami,1.0,0,192,0.25,0.25,417.0,0,1.275016609841047,0.0,ok
lshape,N1curl,beltrami,1.0,0,192,0.25,0.25,417.0,1,3.6853590712410327,0.0,ok
lshape,N1curl,beltrami,1.0,0,192,0.25,0.25,417.0,2,10.008919222699541,-1.7719808052326562,ok
lshape,N1curl,beltrami,1.0,0,192,0.25,0.25,417.0,3,10.008919222699541,1.7719808052326562,ok
lshape,N1curl,beltrami,1.0,0,192,0.25,0.25,417.0,4,12.286109980186941,-1.0062740756489112,ok
lshape,N1curl,beltrami,1.0,0,192,0.25,0.25,417.0,5,12.286109980186941,1.0062740756489112,ok
lshape,N1curl,beltrami,1.0,0,192,0.25,0.25,417.0,6,20.47825910926901,0.0,ok
lshape,N1curl,beltrami,1.0,0,192,0.25,0.25,417.0,7,22.29057607511477,-0.8499625771547333,ok
lshape,N1curl,beltrami,1.0,1,768,0.125,0.125,1601.0,0,1.2898094469514856,0.0,ok
lshape,N1curl,beltrami,1.0,1,768,0.125,0.125,1601.0,1,3.687142772212254,0.0,ok
lshape,N1curl,beltrami,1.0,1,768,0.125,0.125,1601.0,2,9.987496975980436,-1.803710597846889,ok
lshape,N1curl,beltrami,1.0,1,768,0.125,0.125,1601.0,3,9.987496975980436,1.803710597846889,ok
lshape,N1curl,beltrami,1.0,1,768,0.125,0.125,1601.0,4,12.377353080675356,-1.0153014504996825,ok
lshape,N1curl,beltrami,1.0,1,768,0.125,0.125,1601.0,5,12.377353080675356,1.0153014504996825,ok
lshape,N1curl,beltrami,1.0,1,768,0.125,0.125,1601.0,6,20.839314904744416,0.0,ok
lshape,N1curl,beltrami,1.0,1,768,0.125,0.125,1601.0,7,22.26979968414933,-1.0663688051049365,ok
lshape,N1curl,beltrami,1.0,2,3072,0.0625,0.0625,6273.0,0,1.2960764919935468,0.0,ok
lshape,N1curl,beltrami,1.0,2,3072,0.0625,0.0625,6273.0,1,3.6879282458489238,0.0,ok
lshape,N1curl,beltrami,1.0,2,3072,0.0625,0.0625,6273.0,2,9.981924716613946,-1.811540360789206,ok
lshape,N1curl,beltrami,1.0,2,3072,0.0625,0.0625,6273.0,3,9.981924716613946,1.811540360789206,ok
lshape,N1curl,beltrami,1.0,2,3072,0.0625,0.0625,6273.0,4,12.40658993089469,-1.0110664711876618,ok
lshape,N1curl,beltrami,1.0,2,3072,0.0625,0.0625,6273.0,5,12.40658993089469,1.0110664711876618,ok
lshape,N1curl,beltrami,1.0,2,3072,0.0625,0.0625,6273.0,6,20.93083353689166,0.0,ok
lshape,N1curl,beltrami,1.0,2,3072,0.0625,0.0625,6273.0,7,22.270076541389408,-1.1154087566897422,ok
lshape,N1curl,beltrami,1.0,3,12288,0.03125,0.03125,24833.0,0,1.298659624386386,0.0,ok
lshape,N1curl,beltrami,1.0,3,12288,0.03125,0.03125,24833.0,1,3.6882239189189425,0.0,ok
lshape,N1curl,beltrami,1.0,3,12288,0.03125,0.03125,24833.0,2,9.980520776156876,-1.8134902542972104,ok
lshape,N1curl,beltrami,1.0,3,12288,0.03125,0.03125,24833.0,3,9.980520776156876,1.8134902542972104,ok
lshape,N1curl,beltrami,1.0,3,12288,0.03125,0.03125,24833.0,4,12.416446722239785,-1.007384103591999,ok
lshape,N1curl,beltrami,1.0,3,12288,0.03125,0.03125,24833.0,5,12.416446722239785,1.007384103591999,ok
lshape,N1curl,beltrami,1.0,3,12288,0.03125,0.03125,24833.0,6,20.953806241666598,0.0,ok
lshape,N1curl,beltrami,1.0,3,12288,0.03125,0.03125,24833.0,7,22.273587625917376,-1.128951897292182,ok
lshape,N1curl,beltrami,2.0,0,192,0.25,0.5,417.0,0,0.9680700029017834,0.0,ok
lshape,N1curl,beltrami,2.0,0,192,0.25,0.5,417.0,1,3.8923396611250043,0.0,ok
lshape,N1curl,beltrami,2.0,0,192,0.25,0.5,417.0,2,10.360708972126812,-3.4354037286192494,ok
lshape,N1curl,beltrami,2.0,0,192,0.25,0.5,417.0,3,10.360708972126812,3.4354037286192494,ok
lshape,N1curl,beltrami,2.0,0,192,0.25,0.5,417.0,4,13.296395041282548,-2.495366709911028,ok
lshape,N1curl,beltrami,2.0,0,192,0.25,0.5,417.0,5,13.296395041282548,2.495366709911028,ok
lshape,N1curl,beltrami,2.0,0,192,0.25,0.5,417.0,6,22.187464693758642,-3.187551395120412,ok
lshape,N1curl,beltrami,2.0,0,192,0.25,0.5,417.0,7,22.187464693758642,3.187551395120412,ok
lshape,N1curl,beltrami,2.0,1,768,0.125,0.25,1601.0,0,0.9800562703735406,0.0,ok
lshape,N1curl,beltrami,2.0,1,768,0.125,0.25,1601.0,1,3.8921204831041294,0.0,ok
lshape,N1curl,beltrami,2.0,1,768,0.125,0.25,1601.0,2,10.362966709017648,-3.509359142593766,ok
lshape,N1curl,beltrami,2.0,1,768,0.125,0.25,1601.0,3,10.362966709017648,3.509359142593766,ok
lshape,N1curl,beltrami,2.0,1,768,0.125,0.25,1601.0,4,13.445221724893761,-2.601382993229032,ok
lshape,N1curl,beltrami,2.0,1,768,0.125,0.25,1601.0,5,13.445221724893761,2.601382993229032,ok
lshape,N1curl,beltrami,2.0,1,768,0.125,0.25,1601.0,6,22.16088524465022,-3.3975403463609326,ok
lshape,N1curl,beltrami,2.0,1,768,0.125,0.25,1601.0,7,22.16088524465022,3.3975403463609326,ok
lshape,N1curl,beltrami,2.0,2,3072,0.0625,0.125,6273.0,0,0.9849180172101644,0.0,ok
lshape,N1curl,beltrami,2.0,2,3072,0.0625,0.125,6273.0,1,3.892509633530101,0.0,ok
lshape,N1curl,beltrami,2.0,2,3072,0.0625,0.125,6273.0,2,10.363407986767088,-3.527280066143372,ok
lshape,N1curl,beltrami,2.0,2,3072,0.0625,0.125,6273.0,3,10.363407986767088,3.527280066143372,ok
lshape,N1curl,beltrami,2.0,2,3072,0.0625,0.125,6273.0,4,13.493049282367439,-2.6217575064803484,ok
lshape,N1curl,beltrami,2.0,2,3072,0.0625,0.125,6273.0,5,13.493049282367439,2.6217575064803484,ok
lshape,N1curl,beltrami,2.0,2,3072,0.0625,0.125,6273.0,6,22.15566954711911,-3.444598853148929,ok
lshape,N1curl,beltrami,2.0,2,3072,0.0625,0.125,6273.0,7,22.15566954711911,3.444598853148929,ok
lshape,N1curl,beltrami,2.0,3,12288,0.03125,0.0625,24833.0,0,0.986869048260879,0.0,ok
lshape,N1curl,beltrami,2.0,3,12288,0.03125,0.0625,24833.0,1,3.89274150363679,0.0,ok
lshape,N1curl,beltrami,2.0,3,12288,0.03125,0.0625,24833.0,2,10.363513996004432,-3.531722717795589,ok
lshape,N1curl,beltrami,2.0,3,12288,0.03125,0.0625,24833.0,3,10.363513996004432,3.531722717795589,ok
lshape,N1curl,beltrami,2.0,3,12288,0.03125,0.0625,24833.0,4,13.509377229054696,-2.6243431429868793,ok
lshape,N1curl,beltrami,2.0,3,12288,0.03125,0.0625,24833.0,5,13.509377229054696,2.6243431429868793,ok
lshape,N1curl,beltrami,2.0,3,12288,0.03125,0.0625,24833.0,6,22.155807537293835,-3.4549544059317547,ok
lshape,N1curl,beltrami,2.0,3,12288,0.03125,0.0625,24833.0,7,22.155807537293835,3.4549544059317547,ok
lshape,N1curl,beltrami,4.0,0,192,0.25,1.0,417.0,0,0.5477755854916446,0.0,ok
lshape,N1curl,beltrami,4.0,0,192,0.25,1.0,417.0,1,3.828536062685134,0.0,ok
lshape,N1curl,beltrami,4.0,0,192,0.25,1.0,417.0,2,11.935305801093325,-6.39621634884528,ok
lshape,N1curl,beltrami,4.0,0,192,0.25,1.0,417.0,3,11.935305801093325,6.39621634884528,ok
lshape,N1curl,beltrami,4.0,0,192,0.25,1.0,417.0,4,15.636982329723963,-5.621912305984521,ok
lshape,N1curl,beltrami,4.0,0,192,0.25,1.0,417.0,5,15.636982329723963,5.621912305984521,ok
lshape,N1curl,beltrami,4.0,0,192,0.25,1.0,417.0,6,23.340044238923326,-8.086897489675206,ok
lshape,N1curl,beltrami,4.0,0,192,0.25,1.0,417.0,7,23.340044238923326,8.086897489675206,ok
lshape,N1curl,beltrami,4.0,1,768,0.125,0.5,1601.0,0,0.5638634052037709,0.0,ok
lshape,N1curl,beltrami,4.0,1,768,0.125,0.5,1601.0,1,3.8195179352794186,0.0,ok
lshape,N1curl,beltrami,4.0,1,768,0.125,0.5,1601.0,2,11.993022530093533,-6.622969958500322,ok
lshape,N1curl,beltrami,4.0,1,768,0.125,0.5,1601.0,3,11.993022530093533,6.622969958500322,ok
lshape,N1curl,beltrami,4.0,1,768,0.125,0.5,1601.0,4,15.802348907275055,-6.024999054090903,ok
lshape,N1curl,beltrami,4.0,1,768,0.125,0.5,1601.0,5,15.802348907275055,6.024999054090903,ok
lshape,N1curl,beltrami,4.0,1,768,0.125,0.5,1601.0,6,23.403356686076734,-8.605332905117043,ok
lshape,N1curl,beltrami,4.0,1,768,0.125,0.5,1601.0,7,23.403356686076734,8.605332905117043,ok
lshape,N1curl,beltrami,4.0,2,3072,0.0625,0.25,6273.0,0,0.5688046938378837,0.0,ok
lshape,N1curl,beltrami,4.0,2,3072,0.0625,0.25,6273.0,1,3.8177754038502387,0.0,ok
lshape,N1curl,beltrami,4.0,2,3072,0.0625,0.25,6273.0,2,12.008536447421315,-6.674975501152792,ok
lshape,N1curl,beltrami,4.0,2,3072,0.0625,0.25,6273.0,3,12.008536447421315,6.674975501152792,ok
lshape,N1curl,beltrami,4.0,2,3072,0.0625,0.25,6273.0,4,15.860201974534384,-6.114481638068697,ok
lshape,N1curl,beltrami,4.0,2,3072,0.0625,0.25,6273.0,5,15.860201974534384,6.114481638068697,ok
lshape,N1curl,beltrami,4.0,2,3072,0.0625,0.25,6273.0,6,23.41923049688128,-8.721992748148644,ok
lshape,N1curl,beltrami,4.0,2,3072,0.0625,0.25,6273.0,7,23.41923049688128,8.721992748148644,ok
lshape,N1curl,beltrami,4.0,3,12288,0.03125,0.125,24833.0,0,0.5704387953727054,0.0,ok
lshape,N1curl,beltrami,4.0,3,12288,0.03125,0.125,24833.0,1,3.817433760641073,0.0,ok
lshape,N1curl,beltrami,4.0,3,12288,0.03125,0.125,24833.0,2,12.012490090419668,-6.687692527839339,ok
lshape,N1curl,beltrami,4.0,3,12288,0.03125,0.125,24833.0,3,12.012490090419668,6.687692527839339,ok
lshape,N1curl,beltrami,4.0,3,12288,0.03125,0.125,24833.0,4,15.880988586732034,-6.135168541771283,ok
lshape,N1curl,beltrami,4.0,3,12288,0.03125,0.125,24833.0,5,15.880988586732034,6.135168541771283,ok
lshape,N1curl,beltrami,4.0,3,12288,0.03125,0.125,24833.0,6,23.422847922470062,-8.749951300332981,ok
lshape,N1curl,beltrami,4.0,3,12288,0.03125,0.125,24833.0,7,23.422847922470062,8.749951300332981,ok
lshape,N2curl,grad,0.01,0,192,0.25,0.0025,1025.0,0,1.4733727929481146,0.0,ok
lshape,N2curl,grad,0.01,0,192,0.25,0.0025,1025.0,1,3.555495411338418,0.0,ok
lshape,N2curl,grad,0.01,0,192,0.25,0.0025,1025.0,2,10.03304399564829,0.0,ok
lshape,N2curl,grad,0.01,0,192,0.25,0.0025,1025.0,3,10.043042838181817,0.0,ok
lshape,N2curl,grad,0.01,0,192,0.25,0.0025,1025.0,4,11.613895298081781,0.0,ok
lshape,N2curl,grad,0.01,0,192,0.25,0.0025,1025.0,5,12.824140525854258,0.0,ok
lshape,N2curl,grad,0.01,0,192,0.25,0.0025,1025.0,6,20.41626615664454,0.0,ok
lshape,N2curl,grad,0.01,0,192,0.25,0.0025,1025.0,7,22.15530501051747,0.0,ok
lshape,N2curl,grad,0.01,1,768,0.125,0.00125,3969.0,0,1.474201577076264,0.0,ok
lshape,N2curl,grad,0.01,1,768,0.125,0.00125,3969.0,1,3.539429491237157,0.0,ok
lshape,N2curl,grad,0.01,1,768,0.125,0.00125,3969.0,2,9.906844531886584,0.0,ok
lshape,N2curl,grad,0.01,1,768,0.125,0.00125,3969.0,3,9.916844905043321,0.0,ok
lshape,N2curl,grad,0.01,1,768,0.125,0.00125,3969.0,4,11.4457055654773,0.0,ok
lshape,N2curl,grad,0.01,1,768,0.125,0.00125,3969.0,5,12.633070627919496,0.0,ok
lshape,N2curl,grad,0.01,1,768,0.125,0.00125,3969.0,6,19.90839622266888,0.0,ok
lshape,N2curl,grad,0.01,1,768,0.125,0.00125,3969.0,7,21.604306331096378,0.0,ok
lshape,N2curl,grad,0.01,2,3072,0.0625,0.000625,15617.0,0,1.4749173597396057,0.0,ok
lshape,N2curl,grad,0.01,2,3072,0.0625,0.000625,15617.0,1,3.5353952520274357,0.0,ok
lshape,N2curl,grad,0.01,2,3072,0.0625,0.000625,15617.0,2,9.875177930771462,0.0,ok
lshape,N2curl,grad,0.01,2,3072,0.0625,0.000625,15617.0,3,9.885178057865287,0.0,ok
lshape,N2curl,grad,0.01,2,3072,0.0625,0.000625,15617.0,4,11.403554074209206,0.0,ok
lshape,N2curl,grad,0.01,2,3072,0.0625,0.000625,15617.0,5,12.586499156325377,0.0,ok
lshape,N2curl,grad,0.01,2,3072,0.0625,0.000625,15617.0,6,19.781503928907036,0.0,ok
lshape,N2curl,grad,0.01,2,3072,0.0625,0.000625,15617.0,7,21.467278613897,0.0,ok
lshape,N2curl,grad,0.01,3,12288,0.03125,0.0003125,61953.0,0,1.4753028865876514,0.0,ok
lshape,N2curl,grad,0.01,3,12288,0.03125,0.0003125,61953.0,1,3.5343837600864445,0.0,ok
lshape,N2curl,grad,0.01,3,12288,0.03125,0.0003125,61953.0,2,9.867253636364435,0.0,ok
lshape,N2curl,grad,0.01,3,12288,0.03125,0.0003125,61953.0,3,9.877253670131193,0.0,ok
lshape,N2curl,grad,0.01,3,12288,0.03125,0.0003125,61953.0,4,11.393006572856171,0.0,ok
lshape,N2curl,grad,0.01,3,12288,0.03125,0.0003125,61953.0,5,12.57548477771936,0.0,ok
lshape,N2curl,grad,0.01,3,12288,0.03125,0.0003125,61953.0,6,19.74979260659951,0.0,ok
lshape,N2curl,grad,0.01,3,12288,0.03125,0.0003125,61953.0,7,21.434354033113912,0.0,ok
lshape,N2curl,grad,0.1,0,192,0.25,0.025,1025.0,0,1.4725650842201767,0.0,ok
lshape,N2curl,grad,0.1,0,192,0.25,0.025,1025.0,1,3.556888222491609,0.0,ok
lshape,N2curl,grad,0.1,0,192,0.25,0.025,1025.0,2,9.988669181866332,0.0,ok
lshape,N2curl,grad,0.1,0,192,0.25,0.025,1025.0,3,10.088657611726054,0.0,ok
lshape,N2curl,grad,0.1,0,192,0.25,0.025,1025.0,4,11.61474700358949,0.0,ok
lshape,N2curl,grad,0.1,0,192,0.25,0.025,1025.0,5,12.824959763432268,0.0,ok
lshape,N2curl,grad,0.1,0,192,0.25,0.025,1025.0,6,20.41746369935905,0.0,ok
lshape,N2curl,grad,0.1,0,192,0.25,0.025,1025.0,7,22.15522344680528,0.0,ok
lshape,N2curl,grad,0.1,1,768,0.125,0.0125,3969.0,0,1.4733930537515925,0.0,ok
lshape,N2curl,grad,0.1,1,768,0.125,0.0125,3969.0,1,3.5408538442242374,0.0,ok
lshape,N2curl,grad,0.1,1,768,0.125,0.0125,3969.0,2,9.862521814866477,0.0,ok
lshape,N2curl,grad,0.1,1,768,0.125,0.0125,3969.0,3,9.962525546173282,0.0,ok
lshape,N2curl,grad,0.1,1,768,0.125,0.0125,3969.0,4,11.446639446803102,0.0,ok
lshape,N2curl,grad,0.1,1,768,0.125,0.0125,3969.0,5,12.633971244546471,0.0,ok
lshape,N2curl,grad,0.1,1,768,0.125,0.0125,3969.0,6,19.90974242120591,0.0,ok
lshape,N2curl,grad,0.1,1,768,0.125,0.0125,3969.0,7,21.604296814734568,0.0,ok
lshape,N2curl,grad,0.1,2,3072,0.0625,0.00625,15617.0,0,1.4741082611892569,0.0,ok
lshape,N2curl,grad,0.1,2,3072,0.0625,0.00625,15617.0,1,3.5368279750226543,0.0,ok
lshape,N2curl,grad,0.1,2,3072,0.0625,0.00625,15617.0,2,9.83087175093135,0.0,ok
lshape,N2curl,grad,0.1,2,3072,0.0625,0.00625,15617.0,3,9.930873021752712,0.0,ok
lshape,N2curl,grad,0.1,2,3072,0.0625,0.00625,15617.0,4,11.404509909996563,0.0,ok
lshape,N2curl,grad,0.1,2,3072,0.0625,0.00625,15617.0,5,12.587421093897824,0.0,ok
lshape,N2curl,grad,0.1,2,3072,0.0625,0.00625,15617.0,6,19.782889707647357,0.0,ok
lshape,N2curl,grad,0.1,2,3072,0.0625,0.00625,15617.0,7,21.46728796982065,0.0,ok
lshape,N2curl,grad,0.1,3,12288,0.03125,0.003125,61953.0,0,1.4744934822806042,0.0,ok
lshape,N2curl,grad,0.1,3,12288,0.03125,0.003125,61953.0,1,3.535818719994035,0.0,ok
lshape,N2curl,grad,0.1,3,12288,0.03125,0.003125,61953.0,2,9.822951784769918,0.0,ok
lshape,N2curl,grad,0.1,3,12288,0.03125,0.003125,61953.0,3,9.922952122403046,0.0,ok
lshape,N2curl,grad,0.1,3,12288,0.03125,0.003125,61953.0,4,11.393968212855997,0.0,ok
lshape,N2curl,grad,0.1,3,12288,0.03125,0.003125,61953.0,5,12.576412080246206,0.0,ok
lshape,N2curl,grad,0.1,3,12288,0.03125,0.003125,61953.0,6,19.751188451025875,0.0,ok
lshape,N2curl,grad,0.1,3,12288,0.03125,0.003125,61953.0,7,21.434367628943214,0.0,ok
lshape,N2curl,grad,1.0,0,192,0.25,0.25,1025.0,0,1.3970218186702303,0.0,ok
lshape,N2curl,grad,1.0,0,192,0.25,0.25,1025.0,1,3.690869704750593,0.0,ok
lshape,N2curl,grad,1.0,0,192,0.25,0.25,1025.0,2,9.600688876024655,0.0,ok
lshape,N2curl,grad,1.0,0,192,0.25,0.25,1025.0,3,10.600577990002876,0.0,ok
lshape,N2curl,grad,1.0,0,192,0.25,0.25,1025.0,4,11.699664290363623,0.0,ok
lshape,N2curl,grad,1.0,0,192,0.25,0.25,1025.0,5,12.906921199187188,0.0,ok
lshape,N2curl,grad,1.0,0,192,0.25,0.25,1025.0,6,20.537180578296635,0.0,ok
lshape,N2curl,grad,1.0,0,192,0.25,0.25,1025.0,7,22.150094926279742,0.0,ok
lshape,N2curl,grad,1.0,1,768,0.125,0.125,3969.0,0,1.3979434014681051,0.0,ok
lshape,N2curl,grad,1.0,1,768,0.125,0.125,3969.0,1,3.6777834269370713,0.0,ok
lshape,N2curl,grad,1.0,1,768,0.125,0.125,3969.0,2,9.480344552467496,0.0,ok
lshape,N2curl,grad,1.0,1,768,0.125,0.125,3969.0,3,10.48038153894514,0.0,ok
lshape,N2curl,grad,1.0,1,768,0.125,0.125,3969.0,4,11.539710195624343,0.0,ok
lshape,N2curl,grad,1.0,1,768,0.125,0.125,3969.0,5,12.724026695453784,0.0,ok
lshape,N2curl,grad,1.0,1,768,0.125,0.125,3969.0,6,20.04425585917703,0.0,ok
lshape,N2curl,grad,1.0,1,768,0.125,0.125,3969.0,7,21.606997733384162,0.0,ok
lshape,N2curl,grad,1.0,2,3072,0.0625,0.0625,15617.0,0,1.39865044244341,0.0,ok
lshape,N2curl,grad,1.0,2,3072,0.0625,0.0625,15617.0,1,3.67453650994047,0.0,ok
lshape,N2curl,grad,1.0,2,3072,0.0625,0.0625,15617.0,2,9.450239515982581,0.0,ok
lshape,N2curl,grad,1.0,2,3072,0.0625,0.0625,15617.0,3,10.45025208245768,0.0,ok
lshape,N2curl,grad,1.0,2,3072,0.0625,0.0625,15617.0,4,11.499757941377888,0.0,ok
lshape,N2curl,grad,1.0,2,3072,0.0625,0.0625,15617.0,5,12.679594385577598,0.0,ok
lshape,N2curl,grad,1.0,2,3072,0.0625,0.0625,15617.0,6,19.921338012810786,0.0,ok
lshape,N2curl,grad,1.0,2,3072,0.0625,0.0625,15617.0,7,21.472065338408523,0.0,ok
lshape,N2curl,grad,1.0,3,12288,0.03125,0.03125,61953.0,0,1.3990194654209476,0.0,ok
lshape,N2curl,grad,1.0,3,12288,0.03125,0.03125,61953.0,1,3.6737343376231397,0.0,ok
lshape,N2curl,grad,1.0,3,12288,0.03125,0.03125,61953.0,2,9.442712140078207,0.0,ok
lshape,N2curl,grad,1.0,3,12288,0.03125,0.03125,61953.0,3,10.442715478571449,0.0,ok
lshape,N2curl,grad,1.0,3,12288,0.03125,0.03125,61953.0,4,11.48979216865669,0.0,ok
lshape,N2curl,grad,1.0,3,12288,0.03125,0.03125,61953.0,5,12.669117806322445,0.0,ok
lshape,N2curl,grad,1.0,3,12288,0.03125,0.03125,61953.0,6,19.890637052663486,0.0,ok
lshape,N2curl,grad,1.0,3,12288,0.03125,0.03125,61953.0,7,21.439624781750044,0.0,ok
lshape,N2curl,grad,2.0,0,192,0.25,0.5,1025.0,0,1.21363930987487,0.0,ok
lshape,N2curl,grad,2.0,0,192,0.25,0.5,1025.0,1,4.050461701023501,0.0,ok
lshape,N2curl,grad,2.0,0,192,0.25,0.5,1025.0,2,9.28817533995947,0.0,ok
lshape,N2curl,grad,2.0,0,192,0.25,0.5,1025.0,3,11.287989605800428,0.0,ok
lshape,N2curl,grad,2.0,0,192,0.25,0.5,1025.0,4,11.953926641640479,0.0,ok
lshape,N2curl,grad,2.0,0,192,0.25,0.5,1025.0,5,13.155762639993117,0.0,ok
lshape,N2curl,grad,2.0,0,192,0.25,0.5,1025.0,6,20.89950305991082,0.0,ok
lshape,N2curl,grad,2.0,0,192,0.25,0.5,1025.0,7,22.16337668435072,0.0,ok
lshape,N2curl,grad,2.0,1,768,0.125,0.25,3969.0,0,1.21605106674238,0.0,ok
lshape,N2curl,grad,2.0,1,768,0.125,0.25,3969.0,1,4.0447322905790575,0.0,ok
lshape,N2curl,grad,2.0,1,768,0.125,0.25,3969.0,2,9.185214914941923,0.0,ok
lshape,N2curl,grad,2.0,1,768,0.125,0.25,3969.0,3,11.185285366480679,0.0,ok
lshape,N2curl,grad,2.0,1,768,0.125,0.25,3969.0,4,11.81792333721199,0.0,ok
lshape,N2curl,grad,2.0,1,768,0.125,0.25,3969.0,5,12.99686954951011,0.0,ok
lshape,N2curl,grad,2.0,1,768,0.125,0.25,3969.0,6,20.45058592785045,0.0,ok
lshape,N2curl,grad,2.0,1,768,0.125,0.25,3969.0,7,21.648829039293567,0.0,ok
lshape,N2curl,grad,2.0,2,3072,0.0625,0.125,15617.0,0,1.2170710406845078,0.0,ok
lshape,N2curl,grad,2.0,2,3072,0.0625,0.125,15617.0,1,4.043404864510406,0.0,ok
lshape,N2curl,grad,2.0,2,3072,0.0625,0.125,15617.0,2,9.159662450441076,0.0,ok
lshape,N2curl,grad,2.0,2,3072,0.0625,0.125,15617.0,3,11.15968616224352,0.0,ok
lshape,N2curl,grad,2.0,2,3072,0.0625,0.125,15617.0,4,11.784355121040878,0.0,ok
lshape,N2curl,grad,2.0,2,3072,0.0625,0.125,15617.0,5,12.95868536877961,0.0,ok
lshape,N2curl,grad,2.0,2,3072,0.0625,0.125,15617.0,6,20.33931447765609,0.0,ok
lshape,N2curl,grad,2.0,2,3072,0.0625,0.125,15617.0,7,21.521589805031994,0.0,ok
lshape,N2curl,grad,2.0,3,12288,0.03125,0.0625,61953.0,0,1.2174897900140094,0.0,ok
lshape,N2curl,grad,2.0,3,12288,0.03125,0.0625,61953.0,1,4.043104930895722,0.0,ok
lshape,N2curl,grad,2.0,3,12288,0.03125,0.0625,61953.0,2,9.15328768855339,0.0,ok
lshape,N2curl,grad,2.0,3,12288,0.03125,0.0625,61953.0,3,11.153293985768778,0.0,ok
lshape,N2curl,grad,2.0,3,12288,0.03125,0.0625,61953.0,4,11.776081639050869,0.0,ok
lshape,N2curl,grad,2.0,3,12288,0.03125,0.0625,61953.0,5,12.949774062017326,0.0,ok
lshape,N2curl,grad,2.0,3,12288,0.03125,0.0625,61953.0,6,20.311569667895828,0.0,ok
lshape,N2curl,grad,2.0,3,12288,0.03125,0.0625,61953.0,7,21.49101199308609,0.0,ok
lshape,N2curl,grad,4.0,0,192,0.25,1.0,1025.0,0,0.7823914117731628,0.0,ok
lshape,N2curl,grad,4.0,0,192,0.25,1.0,1025.0,1,5.173130351248342,0.0,ok
lshape,N2curl,grad,4.0,0,192,0.25,1.0,1025.0,2,9.032672778094986,0.0,ok
lshape,N2curl,grad,4.0,0,192,0.25,1.0,1025.0,3,12.925666517925485,0.0,ok
lshape,N2curl,grad,4.0,0,192,0.25,1.0,1025.0,4,13.032773489936538,0.0,ok
lshape,N2curl,grad,4.0,0,192,0.25,1.0,1025.0,5,14.158560688906729,0.0,ok
lshape,N2curl,grad,4.0,0,192,0.25,1.0,1025.0,6,22.34171383624232,0.0,ok
lshape,N2curl,grad,4.0,0,192,0.25,1.0,1025.0,7,22.447374274158392,0.0,ok
lshape,N2curl,grad,4.0,1,768,0.125,0.5,,-1,,,ConvergenceError
lshape,N2curl,grad,4.0,2,3072,0.0625,0.25,15617.0,0,0.7977823551544801,0.0,ok
lshape,N2curl,grad,4.0,2,3072,0.0625,0.25,15617.0,1,5.191725758442717,0.0,ok
lshape,N2curl,grad,4.0,2,3072,0.0625,0.25,15617.0,2,8.985536624001917,0.0,ok
lshape,N2curl,grad,4.0,2,3072,0.0625,0.25,15617.0,3,12.864387610741646,0.0,ok
lshape,N2curl,grad,4.0,2,3072,0.0625,0.25,15617.0,4,12.985558703290943,0.0,ok
lshape,N2curl,grad,4.0,2,3072,0.0625,0.25,15617.0,5,14.072311280869346,0.0,ok
lshape,N2curl,grad,4.0,2,3072,0.0625,0.25,15617.0,6,21.976793931710784,0.0,ok
lshape,N2curl,grad,4.0,2,3072,0.0625,0.25,15617.0,7,21.987884803431882,0.0,ok
lshape,N2curl,grad,4.0,3,12288,0.03125,0.125,61953.0,0,0.7987157697557008,0.0,ok
lshape,N2curl,grad,4.0,3,12288,0.03125,0.125,61953.0,1,5.192751579015833,0.0,ok
lshape,N2curl,grad,4.0,3,12288,0.03125,0.125,61953.0,2,8.983343515846702,0.0,ok
lshape,N2curl,grad,4.0,3,12288,0.03125,0.125,61953.0,3,12.862169322212878,0.0,ok
lshape,N2curl,grad,4.0,3,12288,0.03125,0.125,61953.0,4,12.98334935817489,0.0,ok
lshape,N2curl,grad,4.0,3,12288,0.03125,0.125,61953.0,5,14.068988093169668,0.0,ok
lshape,N2curl,grad,4.0,3,12288,0.03125,0.125,61953.0,6,21.95518183997693,0.0,ok
lshape,N2curl,grad,4.0,3,12288,0.03125,0.125,61953.0,7,21.970883562747517,0.0,ok
lshape,N2curl,beltrami,0.01,0,192,0.25,0.0025,1025.0,0,1.4733602432641701,0.0,ok
lshape,N2curl,beltrami,0.01,0,192,0.25,0.0025,1025.0,1,3.555500334746978,0.0,ok
lshape,N2curl,beltrami,0.01,0,192,0.25,0.0025,1025.0,2,10.038045792937194,-0.018366981126066786,ok
lshape,N2curl,beltrami,0.01,0,192,0.25,0.0025,1025.0,3,10.038045792937194,0.018366981126066786,ok
lshape,N2curl,beltrami,0.01,0,192,0.25,0.0025,1025.0,4,11.614028725814762,0.0,ok
lshape,N2curl,beltrami,0.01,0,192,0.25,0.0025,1025.0,5,12.824074949060241,0.0,ok
lshape,N2curl,beltrami,0.01,0,192,0.25,0.0025,1025.0,6,20.416362766719626,0.0,ok
lshape,N2curl,beltrami,0.01,0,192,0.25,0.0025,1025.0,7,22.155376631432084,0.0,ok
lshape,N2curl,beltrami,0.01,1,768,0.125,0.00125,,-1,,,ConvergenceError
lshape,N2curl,beltrami,0.01,2,3072,0.0625,0.000625,15617.0,0,1.4749047267794524,0.0,ok
lshape,N2curl,beltrami,0.01,2,3072,0.0625,0.000625,15617.0,1,3.535400152959487,0.0,ok
lshape,N2curl,beltrami,0.01,2,3072,0.0625,0.000625,15617.0,2,9.880181125319767,-0.018381918916072743,ok
lshape,N2curl,beltrami,0.01,2,3072,0.0625,0.000625,15617.0,3,9.880181125319767,0.018381918916072743,ok
lshape,N2curl,beltrami,0.01,2,3072,0.0625,0.000625,15617.0,4,11.403691330563824,0.0,ok
lshape,N2curl,beltrami,0.01,2,3072,0.0625,0.000625,15617.0,5,12.586433507917926,0.0,ok
lshape,N2curl,beltrami,0.01,2,3072,0.0625,0.000625,15617.0,6,19.781610033183703,0.0,ok
lshape,N2curl,beltrami,0.01,2,3072,0.0625,0.000625,15617.0,7,21.46736030566705,0.0,ok
lshape,N2curl,beltrami,0.01,3,12288,0.03125,0.0003125,61953.0,0,1.475290245539484,0.0,ok
lshape,N2curl,beltrami,0.01,3,12288,0.03125,0.0003125,61953.0,1,3.534388660785468,0.0,ok
lshape,N2curl,beltrami,0.01,3,12288,0.03125,0.0003125,61953.0,2,9.872256822991906,-0.018381988559954057,ok
lshape,N2curl,beltrami,0.01,3,12288,0.03125,0.0003125,61953.0,3,9.872256822991906,0.018381988559954057,ok
lshape,N2curl,beltrami,0.01,3,12288,0.03125,0.0003125,61953.0,4,11.393143889206534,0.0,ok
lshape,N2curl,beltrami,0.01,3,12288,0.03125,0.0003125,61953.0,5,12.575419278313642,0.0,ok
lshape,N2curl,beltrami,0.01,3,12288,0.03125,0.0003125,61953.0,6,19.74989920361138,0.0,ok
lshape,N2curl,beltrami,0.01,3,12288,0.03125,0.0003125,61953.0,7,21.434436302033607,0.0,ok
lshape,N2curl,beltrami,0.1,0,192,0.25,0.025,1025.0,0,1.4713133753373069,0.0,ok
lshape,N2curl,beltrami,0.1,0,192,0.25,0.025,1025.0,1,3.557376687373612,0.0,ok
lshape,N2curl,beltrami,0.1,0,192,0.25,0.025,1025.0,2,10.038901850066287,-0.18364515151020763,ok
lshape,N2curl,beltrami,0.1,0,192,0.25,0.025,1025.0,3,10.038901850066287,0.18364515151020763,ok
lshape,N2curl,beltrami,0.1,0,192,0.25,0.025,1025.0,4,11.628183216556373,0.0,ok
lshape,N2curl,beltrami,0.1,0,192,0.25,0.025,1025.0,5,12.818306690938407,0.0,ok
lshape,N2curl,beltrami,0.1,0,192,0.25,0.025,1025.0,6,20.42712512009841,0.0,ok
lshape,N2curl,beltrami,0.1,0,192,0.25,0.025,1025.0,7,22.16243627217196,0.0,ok
lshape,N2curl,beltrami,0.1,1,768,0.125,0.0125,3969.0,0,1.4721353624515947,0.0,ok
lshape,N2curl,beltrami,0.1,1,768,0.125,0.0125,3969.0,1,3.541340207611407,0.0,ok
lshape,N2curl,beltrami,0.1,1,768,0.125,0.0125,3969.0,2,9.912822334391542,-0.18378355069127553,ok
lshape,N2curl,beltrami,0.1,1,768,0.125,0.0125,3969.0,3,9.912822334391542,0.18378355069127553,ok
lshape,N2curl,beltrami,0.1,1,768,0.125,0.0125,3969.0,4,11.460404310956147,0.0,ok
lshape,N2curl,beltrami,0.1,1,768,0.125,0.0125,3969.0,5,12.627287810567402,0.0,ok
lshape,N2curl,beltrami,0.1,1,768,0.125,0.0125,3969.0,6,19.920158438040595,0.0,ok
lshape,N2curl,beltrami,0.1,1,768,0.125,0.0125,3969.0,7,21.612315190986614,0.0,ok
lshape,N2curl,beltrami,0.1,2,3072,0.0625,0.00625,15617.0,0,1.4728484021009167,0.0,ok
lshape,N2curl,beltrami,0.1,2,3072,0.0625,0.00625,15617.0,1,3.53731388946985,0.0,ok
lshape,N2curl,beltrami,0.1,2,3072,0.0625,0.00625,15617.0,2,9.881186430388444,-0.1837920219881687,ok
lshape,N2curl,beltrami,0.1,2,3072,0.0625,0.00625,15617.0,3,9.881186430388444,0.1837920219881687,ok
lshape,N2curl,beltrami,0.1,2,3072,0.0625,0.00625,15617.0,4,11.418335351785824,0.0,ok
lshape,N2curl,beltrami,0.1,2,3072,0.0625,0.00625,15617.0,5,12.580754128849168,0.0,ok
lshape,N2curl,beltrami,0.1,2,3072,0.0625,0.00625,15617.0,6,19.793500837305384,0.0,ok
lshape,N2curl,beltrami,0.1,2,3072,0.0625,0.00625,15617.0,7,21.475523638667067,0.0,ok
lshape,N2curl,beltrami,0.1,3,12288,0.03125,0.003125,61953.0,0,1.4732328249496123,0.0,ok
lshape,N2curl,beltrami,0.1,3,12288,0.03125,0.003125,61953.0,1,3.5363045939541964,0.0,ok
lshape,N2curl,beltrami,0.1,3,12288,0.03125,0.003125,61953.0,2,9.87326987647972,-0.18379258903550946,ok
lshape,N2curl,beltrami,0.1,3,12288,0.03125,0.003125,61953.0,3,9.87326987647972,0.18379258903550946,ok
lshape,N2curl,beltrami,0.1,3,12288,0.03125,0.003125,61953.0,4,11.40779965230966,0.0,ok
lshape,N2curl,beltrami,0.1,3,12288,0.03125,0.003125,61953.0,5,12.569759999403121,0.0,ok
lshape,N2curl,beltrami,0.1,3,12288,0.03125,0.003125,61953.0,6,19.76184887154307,0.0,ok
lshape,N2curl,beltrami,0.1,3,12288,0.03125,0.003125,61953.0,7,21.442662043399515,0.0,ok
lshape,N2curl,beltrami,1.0,0,192,0.25,0.25,1025.0,0,1.2978016553117062,0.0,ok
lshape,N2curl,beltrami,1.0,0,192,0.25,0.25,1025.0,1,3.7084226328411765,0.0,ok
lshape,N2curl,beltrami,1.0,0,192,0.25,0.25,1025.0,2,10.131776715583484,-1.8147215381134458,ok
lshape,N2curl,beltrami,1.0,0,192,0.25,0.25,1025.0,3,10.131776715583484,1.8147215381134458,ok
lshape,N2curl,beltrami,1.0,0,192,0.25,0.25,1025.0,4,12.630949024683169,-0.9927850305433906,ok
lshape,N2curl,beltrami,1.0,0,192,0.25,0.25,1025.0,5,12.630949024683169,0.9927850305433906,ok
lshape,N2curl,beltrami,1.0,0,192,0.25,0.25,1025.0,6,21.511737905402157,0.0,ok
lshape,N2curl,beltrami,1.0,0,192,0.25,0.25,1025.0,7,23.09319009278278,-1.0092938104098614,ok
lshape,N2curl,beltrami,1.0,1,768,0.125,0.125,,-1,,,ConvergenceError
lshape,N2curl,beltrami,1.0,2,3072,0.0625,0.0625,15617.0,0,1.2997793528569033,0.0,ok
lshape,N2curl,beltrami,1.0,2,3072,0.0625,0.0625,15617.0,1,3.6896237058556167,0.0,ok
lshape,N2curl,beltrami,1.0,2,3072,0.0625,0.0625,15617.0,2,9.989542621761842,-1.81426486791391,ok
lshape,N2curl,beltrami,1.0,2,3072,0.0625,0.0625,15617.0,3,9.989542621761842,1.81426486791391,ok
lshape,N2curl,beltrami,1.0,2,3072,0.0625,0.0625,15617.0,4,12.433964643852127,-1.0043920691392372,ok
lshape,N2curl,beltrami,1.0,2,3072,0.0625,0.0625,15617.0,5,12.433964643852127,1.0043920691392372,ok
lshape,N2curl,beltrami,1.0,2,3072,0.0625,0.0625,15617.0,6,20.995460809272657,0.0,ok
lshape,N2curl,beltrami,1.0,2,3072,0.0625,0.0625,15617.0,7,22.327889905306275,-1.1274027549752776,ok
lshape,N2curl,beltrami,1.0,3,12288,0.03125,0.03125,61953.0,0,1.3001377210408207,0.0,ok
lshape,N2curl,beltrami,1.0,3,12288,0.03125,0.03125,61953.0,1,3.688694201068441,0.0,ok
lshape,N2curl,beltrami,1.0,3,12288,0.03125,0.03125,61953.0,2,9.982424663206745,-1.8141718417559083,ok
lshape,N2curl,beltrami,1.0,3,12288,0.03125,0.03125,61953.0,3,9.982424663206745,1.8141718417559083,ok
lshape,N2curl,beltrami,1.0,3,12288,0.03125,0.03125,61953.0,4,12.424680260798192,-1.0042789180192782,ok
lshape,N2curl,beltrami,1.0,3,12288,0.03125,0.03125,61953.0,5,12.424680260798192,1.0042789180192782,ok
lshape,N2curl,beltrami,1.0,3,12288,0.03125,0.03125,61953.0,6,20.969963253647553,0.0,ok
lshape,N2curl,beltrami,1.0,3,12288,0.03125,0.03125,61953.0,7,22.29003397201543,-1.1329876307940792,ok
lshape,N2curl,beltrami,2.0,0,192,0.25,0.5,1025.0,0,0.979230102414625,0.0,ok
lshape,N2curl,beltrami,2.0,0,192,0.25,0.5,1025.0,1,3.921219356684367,0.0,ok
lshape,N2curl,beltrami,2.0,0,192,0.25,0.5,1025.0,2,10.465897119479756,-3.54051995661327,ok
lshape,N2curl,beltrami,2.0,0,192,0.25,0.5,1025.0,3,10.465897119479756,3.54051995661327,ok
lshape,N2curl,beltrami,2.0,0,192,0.25,0.5,1025.0,4,13.672193269783117,-2.6023748314129573,ok
lshape,N2curl,beltrami,2.0,0,192,0.25,0.5,1025.0,5,13.672193269783117,2.6023748314129573,ok
lshape,N2curl,beltrami,2.0,0,192,0.25,0.5,1025.0,6,22.895360011745673,-3.3556614381555674,ok
lshape,N2curl,beltrami,2.0,0,192,0.25,0.5,1025.0,7,22.895360011745673,3.3556614381555674,ok
lshape,N2curl,beltrami,2.0,1,768,0.125,0.25,,-1,,,ConvergenceError
lshape,N2curl,beltrami,2.0,2,3072,0.0625,0.125,15617.0,0,0.9872813504778682,0.0,ok
lshape,N2curl,beltrami,2.0,2,3072,0.0625,0.125,15617.0,1,3.8946731873806266,0.0,ok
lshape,N2curl,beltrami,2.0,2,3072,0.0625,0.125,15617.0,2,10.369935973494023,-3.533857237953969,ok
lshape,N2curl,beltrami,2.0,2,3072,0.0625,0.125,15617.0,3,10.369935973494023,3.533857237953969,ok
lshape,N2curl,beltrami,2.0,3,12288,0.03125,0.0625,61953.0,0,0.9878590356949837,0.0,ok
lshape,N2curl,beltrami,4.0,0,192,0.25,1.0,1025.0,0,0.5513239419723477,0.0,ok
lshape,N2curl,beltrami,4.0,0,192,0.25,1.0,1025.0,1,3.876297431644499,0.0,ok
lshape,N2curl,beltrami,4.0,0,192,0.25,1.0,1025.0,2,11.985962612332504,-6.737229556258136,ok
lshape,N2curl,beltrami,4.0,0,192,0.25,1.0,1025.0,3,11.985962612332504,6.737229556258136,ok
lshape,N2curl,beltrami,4.0,0,192,0.25,1.0,1025.0,4,15.911395287988611,-6.211928598673516,ok
lshape,N2curl,beltrami,4.0,0,192,0.25,1.0,1025.0,5,15.911395287988611,6.211928598673516,ok
lshape,N2curl,beltrami,4.0,0,192,0.25,1.0,1025.0,6,23.926231988758722,-8.670366150073813,ok
lshape,N2curl,beltrami,4.0,0,192,0.25,1.0,1025.0,7,23.926231988758722,8.670366150073813,ok
lshape,N2curl,beltrami,4.0,1,768,0.125,0.5,,-1,,,ConvergenceError
lshape,N2curl,beltrami,4.0,2,3072,0.0625,0.25,15617.0,0,0.5699622110322955,0.0,ok
lshape,N2curl,beltrami,4.0,2,3072,0.0625,0.25,15617.0,1,3.821091626612149,0.0,ok
lshape,N2curl,beltrami,4.0,2,3072,0.0625,0.25,15617.0,2,12.012378383695022,-6.695459728817723,ok
lshape,N2curl,beltrami,4.0,2,3072,0.0625,0.25,15617.0,3,12.012378383695022,6.695459728817723,ok
lshape,N2curl,beltrami,4.0,2,3072,0.0625,0.25,15617.0,4,15.892020892016319,-6.147316225307471,ok
lshape,N2curl,beltrami,4.0,2,3072,0.0625,0.25,15617.0,5,15.892020892016319,6.147316225307471,ok
lshape,N2curl,beltrami,4.0,2,3072,0.0625,0.25,15617.0,6,23.45635656962285,-8.7554958405472,ok
lshape,N2curl,beltrami,4.0,2,3072,0.0625,0.25,15617.0,7,23.45635656962285,8.7554958405472,ok
lshape,N2curl,beltrami,4.0,3,12288,0.03125,0.125,,-1,,,ConvergenceError
